name,description,cuisine,calories,protein
Mole Verde Fusion,A fusion dish combining traditional Mexican mole verde with spicy Thai basil sauce.,Mexican-Thai Fusion,650,30
Sushi Roll Royale,A premium sushi roll featuring a mix of fresh vegetables, tempura shrimp, and a creamy tuna sauce.,Japanese-Soul Food Fusion,450,28
Pho with Black Bean Salsa,A traditional Pho dish topped with black bean salsa for a bold, spicy twist.,Vietnamese-Soul Food Fusion,500,20
New Orleans Jambalaya Bowl,A hearty jambalaya dish served in a colorful bowl with sautéed vegetables and cornbread crumbles.,American-Southern Fusion,700,25
Seafood Paella,A modern twist on the classic Spanish paella with a variety of seafood and saffron.,Spanish-Sea Food Fusion,600,24
Asiain Bowl,A colorful bowl filled with marinated chicken, rice noodles, pickled vegetables, and a spicy peanut sauce.,Asian-Southern Fusion,550,23
Soul Food Fried Chicken Sandwich,A traditional fried chicken sandwich topped with collard greens, grits, and a tangy sweet-sour sauce.,Southern-Soul Fusion,500,26
Protein-Filled Beef Stir-Fry,A high-protein beef stir-fry packed with vegetables and a soy-based sauce for a balanced meal.,Chinese-High Protein Fusion,400,35
Soul Food Fish Tacos,Soft tacos filled with grilled fish, shredded cabbage, and a creamy chipotle sauce.,Mexican-Southern Fusion,450,29
Thai Peanut Noodles,Thick egg noodles tossed in a sweet and savory peanut sauce with peanuts, cilantro, and lime.,Thai-Soul Food Fusion,400,18
